{"cameraMode":{"drawMode":0,"name":"Shaded","section":"Shading Mode"},"sceneLighting":false,"audioPlay":false,"sceneViewState":{"m_AlwaysRefresh":false,"showFog":true,"showSkybox":false,"showFlares":true,"showImageEffects":true,"showParticleSystems":true,"showVisualEffectGraphs":true,"m_FxEnabled":true},"in2DMode":false,"pivot":{"x":835.8980102539063,"y":32.91999816894531,"z":565.3560791015625},"rotation":{"x":0.01088634505867958,"y":0.9891092777252197,"z":-0.10154986381530762,"w":0.10604020208120346},"size":0.24112975597381593,"orthographic":false}